target,feature,horizon,threshold,n,n_pos,base_rate,auc,auc_ci_lo,auc_ci_hi,discrim,direction,pos_median,neg_median,top_q_wr,bot_q_wr,coverage
p_gain_30pct,f_fear_greed,fwd_max_max,0.3,3779,22,0.005821645938078857,0.7789,0.699,0.8324,0.2789,+,23.0,21.0,1.54,0.06,0.959
p_gain_30pct,f_btc_rel_ret_5m,fwd_max_max,0.3,1877,21,0.011188066062866276,0.7167,0.5781,0.8488,0.2167,+,0.04205,0.01298,3.18,0.42,0.476
p_gain_30pct,f_rank_60s,fwd_max_max,0.3,2941,20,0.006800408024481469,0.3073,0.2986,0.317,0.1927,-,1.0,1.0,0.0,1.1,0.746
p_gain_30pct,f_btc_dom_pct,fwd_max_max,0.3,3770,22,0.005835543766578249,0.6878,0.5903,0.7816,0.1878,+,57.315,57.22,1.14,0.0,0.956
p_gain_10pct,f_fear_greed,fwd_max_max,0.1,3779,224,0.05927494046043927,0.6766,0.6453,0.711,0.1766,+,23.0,21.0,11.54,2.62,0.959
p_gain_5pct_5m,f_btc_rel_ret_5m,fwd_max_5m,0.05,1877,298,0.15876398508257858,0.6707,0.6385,0.7044,0.1707,+,0.031384999999999996,0.01211,34.39,7.64,0.476
p_gain_30pct,f_candle_close_str_1m,fwd_max_max,0.3,1877,21,0.011188066062866276,0.6638,0.5586,0.7774,0.1638,+,1.0,0.879,2.0,0.43,0.476
p_gain_3pct_5m,f_btc_rel_ret_5m,fwd_max_5m,0.03,1877,445,0.2370804475226425,0.6623,0.6303,0.6891,0.1623,+,0.02887,0.01163,46.71,13.16,0.476
p_gain_30pct,f_cg_trending,fwd_max_max,0.3,1877,21,0.011188066062866276,0.3413,0.2896,0.416,0.1587,-,0.0,0.0,0.26,1.71,0.476
p_gain_1pct_5m,f_ret_24h,fwd_max_5m,0.01,3776,1666,0.4412076271186441,0.6517,0.6335,0.666,0.1517,+,0.42777,0.22333,55.13,17.99,0.958
p_gain_2pct_5m,f_ret_24h,fwd_max_5m,0.02,3776,999,0.2645656779661017,0.6505,0.6333,0.6685,0.1505,+,0.49172,0.27679,36.3,7.83,0.958
p_gain_30pct,f_spread_bps,fwd_max_max,0.3,3809,22,0.005775794171698608,0.3535,0.2636,0.4519,0.1465,-,7.9,12.5,0.21,0.94,0.966
p_gain_30pct,f_cvd_60s,fwd_max_max,0.3,3776,22,0.005826271186440678,0.3546,0.2743,0.4348,0.1454,-,-2520.38,-240.85000000000002,0.0,0.64,0.958
p_gain_30pct,f_avg_trade_size_60s,fwd_max_max,0.3,1877,21,0.011188066062866276,0.355,0.2227,0.4989,0.145,-,84.73,141.32,0.64,2.13,0.476
p_gain_3pct_5m,f_ret_24h,fwd_max_5m,0.03,3776,701,0.18564618644067796,0.6423,0.6225,0.6631,0.1423,+,0.51868,0.29627,27.3,5.5,0.958
p_gain_2pct_5m,f_btc_rel_ret_5m,fwd_max_5m,0.02,1877,610,0.32498668087373467,0.6415,0.6106,0.6699,0.1415,+,0.02133,0.01103,56.9,21.44,0.476
p_gain_1pct_5m,f_btc_rel_ret_5m,fwd_max_5m,0.01,1877,920,0.49014384656366544,0.6414,0.617,0.6651,0.1414,+,0.017625000000000002,0.00974,73.25,33.55,0.476
p_gain_5pct_5m,f_fear_greed,fwd_max_5m,0.05,3779,429,0.1135220957925377,0.64,0.6129,0.6691,0.14,+,23.0,21.0,18.12,6.71,0.959
p_gain_5pct_5m,f_ret_24h,fwd_max_5m,0.05,3776,429,0.11361228813559322,0.6329,0.606,0.6563,0.1329,+,0.51868,0.30679,17.35,2.43,0.958
p_gain_30pct,f_signals_24h,fwd_max_max,0.3,3776,22,0.005826271186440678,0.3688,0.2607,0.4679,0.1312,-,8.0,15.0,0.42,0.91,0.958
p_gain_10pct,f_btc_rel_ret_5m,fwd_max_max,0.1,1877,174,0.09270111880660628,0.6297,0.5796,0.6748,0.1297,+,0.028075,0.0127,18.47,6.37,0.476
p_gain_30pct,f_cvd_30s,fwd_max_max,0.3,3776,22,0.005826271186440678,0.3736,0.2913,0.458,0.1264,-,-1876.72,-64.28999999999999,0.11,0.63,0.958
p_gain_3pct_5m,f_fear_greed,fwd_max_5m,0.03,3779,701,0.1854988092087854,0.6186,0.5974,0.6434,0.1186,+,21.0,21.0,27.94,13.42,0.959
p_gain_5pct_max,f_btc_rel_ret_5m,fwd_max_max,0.05,1877,408,0.21736814064997337,0.6162,0.5824,0.6476,0.1162,+,0.02042,0.01193,37.79,16.14,0.476
p_gain_5pct_5m,f_spread_bps,fwd_max_5m,0.05,3809,430,0.11289052244683644,0.3851,0.3583,0.4147,0.1149,-,8.0,13.0,7.23,16.41,0.966
p_gain_10pct,f_btc_dom_pct,fwd_max_max,0.1,3770,223,0.059151193633952256,0.6145,0.5743,0.6525,0.1145,+,57.27,57.22,8.48,2.21,0.956
p_gain_5pct_5m,f_btc_dom_pct,fwd_max_5m,0.05,3770,428,0.11352785145888594,0.6126,0.5797,0.6438,0.1126,+,57.28,57.21,17.99,5.78,0.956
p_gain_5pct_5m,f_cvd_60s,fwd_max_5m,0.05,3776,429,0.11361228813559322,0.3899,0.3619,0.4155,0.1101,-,-2745.44,-27.45,7.51,16.21,0.958
p_gain_2pct_5m,f_fear_greed,fwd_max_5m,0.02,3779,999,0.26435564964276265,0.6098,0.5893,0.6287,0.1098,+,21.0,12.0,36.96,20.13,0.959
p_gain_30pct,f_signals_1h,fwd_max_max,0.3,3776,22,0.005826271186440678,0.3913,0.2824,0.4925,0.1087,-,3.5,5.0,0.19,0.8,0.958
p_gain_5pct_max,f_fear_greed,fwd_max_max,0.05,3779,632,0.1672400105848108,0.606,0.5841,0.629,0.106,+,23.0,21.0,25.75,12.0,0.959
p_gain_1pct_5m,f_signals_1h,fwd_max_5m,0.01,3776,1666,0.4412076271186441,0.6041,0.5854,0.622,0.1041,+,6.0,4.0,54.19,34.33,0.958
p_gain_30pct,f_book_imbalance_10,fwd_max_max,0.3,3371,18,0.005339661821417977,0.4044,0.2535,0.553,0.0956,-,0.785,0.865,0.47,0.95,0.855
p_gain_10pct,f_spread_bps,fwd_max_max,0.1,3809,224,0.05880808611184038,0.4048,0.3702,0.4373,0.0952,-,8.9,12.7,3.77,8.25,0.966
p_gain_2pct_5m,f_signals_1h,fwd_max_5m,0.02,3776,999,0.2645656779661017,0.5921,0.5734,0.6127,0.0921,+,6.0,5.0,33.78,19.81,0.958
p_gain_2pct_max,f_btc_rel_ret_5m,fwd_max_max,0.02,1877,819,0.43633457645178475,0.5895,0.5614,0.6184,0.0895,+,0.01692,0.011555,61.15,36.94,0.476
p_gain_30pct,f_ask_depth_usd,fwd_max_max,0.3,1655,17,0.01027190332326284,0.5889,0.4548,0.7119,0.0889,+,5296.51,4463.73,1.45,0.46,0.42
p_gain_5pct_max,f_ret_24h,fwd_max_max,0.05,3776,632,0.1673728813559322,0.5877,0.565,0.6132,0.0877,+,0.43167500000000003,0.30927,22.86,7.83,0.958
p_gain_3pct_5m,f_spread_bps,fwd_max_5m,0.03,3809,703,0.1845628773956419,0.4144,0.3941,0.4374,0.0856,-,8.8,13.1,14.36,24.97,0.966
p_gain_2pct_max,f_ret_24h,fwd_max_max,0.02,3776,1474,0.3903601694915254,0.5838,0.5642,0.6004,0.0838,+,0.38854,0.288115,43.92,21.8,0.958
p_gain_10pct,f_signals_24h,fwd_max_max,0.1,3776,224,0.059322033898305086,0.4198,0.3856,0.4516,0.0802,-,8.0,15.0,4.2,7.77,0.958
p_gain_5pct_5m,f_cvd_30s,fwd_max_5m,0.05,3776,429,0.11361228813559322,0.4225,0.3912,0.4505,0.0775,-,-1210.68,-18.06,10.06,15.01,0.958
p_gain_30pct,f_ret_24h,fwd_max_max,0.3,3776,22,0.005826271186440678,0.5763,0.4585,0.686,0.0763,+,0.245045,0.324505,0.74,0.0,0.958
p_gain_1pct_5m,f_signals_24h,fwd_max_5m,0.01,3776,1666,0.4412076271186441,0.5759,0.5579,0.5927,0.0759,+,19.0,11.0,53.2,33.6,0.958
p_gain_1pct_5m,f_fear_greed,fwd_max_5m,0.01,3779,1666,0.44085736967451705,0.5747,0.5583,0.5892,0.0747,+,21.0,12.0,53.94,39.4,0.959
p_gain_1pct_5m,f_cvd_60s,fwd_max_5m,0.01,3776,1666,0.4412076271186441,0.4268,0.409,0.4449,0.0732,-,-1136.51,44.22,39.96,54.34,0.958
p_gain_5pct_max,f_spread_bps,fwd_max_max,0.05,3809,634,0.16644788658440535,0.4271,0.402,0.4519,0.0729,-,9.149999999999999,12.8,12.68,21.32,0.966
p_gain_2pct_5m,f_cvd_60s,fwd_max_5m,0.02,3776,999,0.2645656779661017,0.4278,0.4081,0.4491,0.0722,-,-1491.57,13.43,23.15,34.22,0.958
p_gain_5pct_max,f_cvd_60s,fwd_max_max,0.05,3776,632,0.1673728813559322,0.4301,0.4013,0.4532,0.0699,-,-1546.55,-49.87,14.38,22.14,0.958
p_gain_3pct_5m,f_btc_dom_pct,fwd_max_5m,0.03,3770,698,0.18514588859416445,0.5698,0.5434,0.5964,0.0698,+,57.25,57.21,26.78,14.51,0.956
p_gain_3pct_5m,f_cvd_60s,fwd_max_5m,0.03,3776,701,0.18564618644067796,0.4313,0.4087,0.4566,0.0687,-,-1689.81,-17.24,16.6,24.36,0.958
p_gain_10pct,f_rank_60s,fwd_max_max,0.1,2941,190,0.06460387623257395,0.4335,0.4028,0.466,0.0665,-,1.0,1.0,4.26,7.82,0.746
p_gain_5pct_max,f_btc_dom_pct,fwd_max_max,0.05,3770,631,0.1673740053050398,0.5664,0.5388,0.5941,0.0664,+,57.25,57.21,20.48,12.2,0.956
p_gain_5pct_5m,f_candle_close_str_1m,fwd_max_5m,0.05,1877,298,0.15876398508257858,0.5637,0.5332,0.5964,0.0637,+,0.9185000000000001,0.864,17.64,10.43,0.476
p_gain_2pct_5m,f_spread_bps,fwd_max_5m,0.02,3809,1003,0.26332370700971386,0.4364,0.4179,0.4561,0.0636,-,9.2,13.2,22.64,31.14,0.966
p_gain_2pct_max,f_fear_greed,fwd_max_max,0.02,3779,1474,0.39005027785128343,0.5632,0.5464,0.5798,0.0632,+,21.0,21.0,48.58,34.79,0.959
p_gain_10pct,f_signals_1h,fwd_max_max,0.1,3776,224,0.059322033898305086,0.438,0.4033,0.4775,0.062,-,4.0,5.0,5.2,7.62,0.958
p_gain_10pct,f_ask_depth_trend,fwd_max_max,0.1,1877,174,0.09270111880660628,0.4381,0.402,0.4787,0.0619,-,0.9635,1.0,6.6,10.62,0.476
p_gain_1pct_5m,f_candle_close_str_1m,fwd_max_5m,0.01,1877,920,0.49014384656366544,0.5618,0.5375,0.5838,0.0618,+,0.907,0.83,52.36,37.23,0.476
p_gain_2pct_5m,f_btc_dom_pct,fwd_max_5m,0.02,3770,996,0.26419098143236075,0.5618,0.5392,0.5848,0.0618,+,57.24,57.21,36.81,23.34,0.956
p_gain_3pct_5m,f_signals_1h,fwd_max_5m,0.03,3776,701,0.18564618644067796,0.5613,0.5362,0.5846,0.0613,+,6.0,5.0,23.1,15.46,0.958
p_gain_5pct_5m,f_ask_depth_trend,fwd_max_5m,0.05,1877,298,0.15876398508257858,0.4393,0.406,0.4774,0.0607,-,0.961,1.0,12.55,19.96,0.476
p_gain_5pct_5m,f_rank_60s,fwd_max_5m,0.05,2941,396,0.1346480788847331,0.4416,0.416,0.4734,0.0584,-,1.0,1.0,9.86,15.7,0.746
p_gain_10pct,f_cg_trending,fwd_max_max,0.1,1877,174,0.09270111880660628,0.4424,0.4076,0.4818,0.0576,-,0.0,0.0,6.9,10.91,0.476
p_gain_5pct_max,f_cvd_30s,fwd_max_max,0.05,3776,632,0.1673728813559322,0.4429,0.4163,0.4661,0.0571,-,-672.02,-19.86,15.78,21.25,0.958
p_gain_5pct_max,f_ask_depth_trend,fwd_max_max,0.05,1877,408,0.21736814064997337,0.443,0.4117,0.4763,0.057,-,0.974,1.0,19.15,26.96,0.476
p_gain_3pct_5m,f_ask_depth_trend,fwd_max_5m,0.03,1877,445,0.2370804475226425,0.4431,0.4144,0.4712,0.0569,-,0.974,1.0,20.64,30.36,0.476
p_gain_3pct_5m,f_candle_close_str_1m,fwd_max_5m,0.03,1877,445,0.2370804475226425,0.5559,0.5261,0.5868,0.0559,+,0.916,0.863,25.64,15.74,0.476
p_gain_2pct_max,f_signals_24h,fwd_max_max,0.02,3776,1474,0.3903601694915254,0.5554,0.5376,0.5735,0.0554,+,17.5,13.0,46.8,31.99,0.958
p_gain_2pct_5m,f_signals_24h,fwd_max_5m,0.02,3776,999,0.2645656779661017,0.5545,0.5341,0.5744,0.0545,+,18.0,13.0,32.63,20.38,0.958
p_gain_1pct_5m,f_avg_trade_size_60s,fwd_max_5m,0.01,1877,920,0.49014384656366544,0.5543,0.5266,0.5798,0.0543,+,145.42,130.48,54.04,42.13,0.476
p_gain_1pct_5m,f_cvd_30s,fwd_max_5m,0.01,3776,1666,0.4412076271186441,0.4459,0.4293,0.463,0.0541,-,-452.83000000000004,3.41,42.37,52.33,0.958
p_gain_30pct,f_higher_lows_3m,fwd_max_max,0.3,1877,21,0.011188066062866276,0.554,0.4323,0.6607,0.054,+,1.0,1.0,1.33,0.85,0.476
p_gain_2pct_5m,f_cvd_30s,fwd_max_5m,0.02,3776,999,0.2645656779661017,0.4475,0.4284,0.4685,0.0525,-,-711.86,-4.21,25.74,31.4,0.958
p_gain_10pct,f_cvd_60s,fwd_max_max,0.1,3776,224,0.059322033898305086,0.4503,0.413,0.4884,0.0497,-,-1245.545,-203.02499999999998,5.29,6.99,0.958
p_gain_2pct_5m,f_rank_60s,fwd_max_5m,0.02,2941,877,0.2981978918735124,0.4513,0.4293,0.4718,0.0487,-,1.0,1.0,25.04,32.78,0.746
p_gain_3pct_5m,f_cvd_30s,fwd_max_5m,0.03,3776,701,0.18564618644067796,0.4514,0.4315,0.4775,0.0486,-,-628.25,-18.06,17.8,22.2,0.958
p_gain_5pct_max,f_rank_60s,fwd_max_max,0.05,2941,522,0.17749064943896634,0.4528,0.4318,0.4788,0.0472,-,1.0,1.0,14.21,19.94,0.746
p_gain_10pct,f_ret_24h,fwd_max_max,0.1,3776,224,0.059322033898305086,0.5454,0.5117,0.5848,0.0454,+,0.38428,0.3206,7.62,4.02,0.958
p_gain_2pct_max,f_signals_1h,fwd_max_max,0.02,3776,1474,0.3903601694915254,0.5451,0.5265,0.5647,0.0451,+,6.0,5.0,42.25,34.76,0.958
p_gain_5pct_5m,f_avg_trade_size_60s,fwd_max_5m,0.05,1877,298,0.15876398508257858,0.5443,0.5052,0.5782,0.0443,+,149.20499999999998,138.83,18.51,14.47,0.476
p_gain_3pct_5m,f_avg_trade_size_60s,fwd_max_5m,0.03,1877,445,0.2370804475226425,0.5418,0.5103,0.5689,0.0418,+,143.81,138.85500000000002,27.23,21.28,0.476
p_gain_30pct,f_vwap_300s,fwd_max_max,0.3,1877,21,0.011188066062866276,0.5418,0.4461,0.626,0.0418,+,0.17191126,0.10039163,0.85,0.64,0.476
p_gain_1pct_5m,f_btc_dom_pct,fwd_max_5m,0.01,3770,1661,0.4405835543766578,0.5399,0.5198,0.5563,0.0399,+,57.23,57.21,53.46,43.85,0.956
p_gain_5pct_5m,f_cg_trending,fwd_max_5m,0.05,1877,298,0.15876398508257858,0.4602,0.4286,0.4876,0.0398,-,0.0,0.0,13.28,17.67,0.476
p_gain_2pct_5m,f_vwap_300s,fwd_max_5m,0.02,1877,610,0.32498668087373467,0.4603,0.4352,0.4885,0.0397,-,0.09684268,0.10610508,22.77,35.53,0.476
p_gain_3pct_5m,f_rank_60s,fwd_max_5m,0.03,2941,628,0.21353281196871812,0.4603,0.4384,0.4851,0.0397,-,1.0,1.0,18.29,23.25,0.746
p_gain_2pct_5m,f_ask_depth_trend,fwd_max_5m,0.02,1877,610,0.32498668087373467,0.4605,0.4302,0.4849,0.0395,-,0.9904999999999999,1.0,31.91,40.13,0.476
p_gain_1pct_5m,f_higher_lows_3m,fwd_max_5m,0.01,1877,920,0.49014384656366544,0.5393,0.5179,0.5626,0.0393,+,1.0,1.0,52.52,44.55,0.476
p_gain_2pct_max,f_ask_depth_usd,fwd_max_max,0.02,1655,748,0.45196374622356494,0.4611,0.4353,0.4873,0.0389,-,3923.6099999999997,4778.14,38.16,50.23,0.42
p_gain_1pct_5m,f_bid_depth_usd,fwd_max_5m,0.01,1655,842,0.508761329305136,0.5382,0.5141,0.5644,0.0382,+,5792.06,4508.4,52.4,42.27,0.42
p_gain_10pct,f_cvd_30s,fwd_max_max,0.1,3776,224,0.059322033898305086,0.4619,0.4276,0.5026,0.0381,-,-549.7950000000001,-52.445,6.04,6.98,0.958
p_gain_1pct_5m,f_secs_since_onset,fwd_max_5m,0.01,1877,920,0.49014384656366544,0.5369,0.5117,0.5642,0.0369,+,6.4,5.4,48.2,38.69,0.476
p_gain_3pct_5m,f_vwap_300s,fwd_max_5m,0.03,1877,445,0.2370804475226425,0.4631,0.4363,0.4943,0.0369,-,0.09953614,0.1034085,16.6,27.45,0.476
p_gain_30pct,f_ask_depth_trend,fwd_max_max,0.3,1877,21,0.011188066062866276,0.5367,0.4294,0.6474,0.0367,+,1.0,1.0,1.49,0.85,0.476
p_gain_3pct_5m,f_higher_lows_3m,fwd_max_5m,0.03,1877,445,0.2370804475226425,0.5366,0.5124,0.5648,0.0366,+,1.0,1.0,26.07,20.7,0.476
p_gain_5pct_max,f_large_trade_pct_60s,fwd_max_max,0.05,1877,408,0.21736814064997337,0.5363,0.5154,0.558,0.0363,+,0.0,0.0,21.74,20.12,0.476
p_gain_5pct_5m,f_higher_lows_3m,fwd_max_5m,0.05,1877,298,0.15876398508257858,0.5362,0.5076,0.5655,0.0362,+,1.0,1.0,17.6,13.68,0.476
p_gain_2pct_max,f_ask_depth_trend,fwd_max_max,0.02,1877,819,0.43633457645178475,0.4649,0.4383,0.4875,0.0351,-,0.995,1.0,43.19,50.96,0.476
p_gain_5pct_5m,f_vwap_300s,fwd_max_5m,0.05,1877,298,0.15876398508257858,0.465,0.4295,0.4984,0.035,-,0.10056918000000001,0.10130703,10.85,18.94,0.476
p_gain_2pct_5m,f_candle_close_str_1m,fwd_max_5m,0.02,1877,610,0.32498668087373467,0.5346,0.5087,0.5595,0.0346,+,0.9,0.873,33.64,26.17,0.476
p_gain_2pct_5m,f_higher_lows_3m,fwd_max_5m,0.02,1877,610,0.32498668087373467,0.5345,0.5113,0.5579,0.0345,+,1.0,1.0,35.2,29.06,0.476
p_gain_10pct,f_market_breadth_5m,fwd_max_max,0.1,1877,174,0.09270111880660628,0.5342,0.4873,0.5774,0.0342,+,4.0,4.0,11.22,8.49,0.476
p_gain_5pct_max,f_avg_trade_size_60s,fwd_max_max,0.05,1877,408,0.21736814064997337,0.534,0.4976,0.5668,0.034,+,145.20499999999998,138.17,24.68,20.64,0.476
p_gain_10pct,f_candle_close_str_1m,fwd_max_max,0.1,1877,174,0.09270111880660628,0.5322,0.4895,0.577,0.0322,+,0.93,0.875,9.82,8.3,0.476
p_gain_30pct,f_first_signal_today,fwd_max_max,0.3,1877,21,0.011188066062866276,0.5317,0.4633,0.6132,0.0317,+,0.0,0.0,1.12,1.04,0.476
p_gain_30pct,f_large_trade_pct_60s,fwd_max_max,0.3,1877,21,0.011188066062866276,0.4687,0.4074,0.551,0.0313,-,0.0,0.0,1.12,1.19,0.476
p_gain_1pct_5m,f_rank_60s,fwd_max_5m,0.01,2941,1440,0.48962937776266574,0.4689,0.4507,0.4879,0.0311,-,1.0,1.0,45.29,51.24,0.746
p_gain_2pct_5m,f_avg_trade_size_60s,fwd_max_5m,0.02,1877,610,0.32498668087373467,0.5311,0.5014,0.5604,0.0311,+,141.67,140.69,35.11,28.72,0.476
p_gain_1pct_5m,f_utc_hour,fwd_max_5m,0.01,3776,1666,0.4412076271186441,0.4695,0.4504,0.4871,0.0305,-,9.0,11.0,40.64,47.76,0.958
p_gain_2pct_max,f_cvd_60s,fwd_max_max,0.02,3776,1474,0.3903601694915254,0.4707,0.4509,0.4883,0.0293,-,-858.44,-10.34,38.79,43.01,0.958
p_gain_2pct_max,f_spread_bps,fwd_max_max,0.02,3809,1487,0.39039117878708324,0.4708,0.4522,0.4883,0.0292,-,11.0,13.0,36.79,41.38,0.966
p_gain_2pct_5m,f_cg_trending,fwd_max_5m,0.02,1877,610,0.32498668087373467,0.4714,0.4455,0.4995,0.0286,-,0.0,0.0,29.43,34.63,0.476
p_gain_5pct_max,f_candle_close_str_1m,fwd_max_max,0.05,1877,408,0.21736814064997337,0.5286,0.4977,0.558,0.0286,+,0.915,0.871,22.18,19.15,0.476
p_gain_1pct_5m,f_cg_trending,fwd_max_5m,0.01,1877,920,0.49014384656366544,0.4729,0.4496,0.4953,0.0271,-,0.0,0.0,45.7,51.31,0.476
p_gain_1pct_5m,f_vwap_300s,fwd_max_5m,0.01,1877,920,0.49014384656366544,0.4732,0.4466,0.5009,0.0268,-,0.09684268,0.10820189,40.21,50.64,0.476
p_gain_3pct_5m,f_cg_trending,fwd_max_5m,0.03,1877,445,0.2370804475226425,0.4734,0.4471,0.4977,0.0266,-,0.0,0.0,21.35,25.34,0.476
p_gain_5pct_5m,f_large_trade_pct_60s,fwd_max_5m,0.05,1877,298,0.15876398508257858,0.5261,0.501,0.55,0.0261,+,0.0,0.0,15.88,14.89,0.476
p_gain_3pct_5m,f_secs_since_onset,fwd_max_5m,0.03,1877,445,0.2370804475226425,0.5254,0.4956,0.5548,0.0254,+,6.0,5.7,21.87,16.47,0.476
p_gain_3pct_5m,f_signals_24h,fwd_max_5m,0.03,3776,701,0.18564618644067796,0.5253,0.5006,0.5471,0.0253,+,16.0,14.0,21.62,16.35,0.958
p_gain_10pct,f_bid_depth_usd,fwd_max_max,0.1,1655,155,0.09365558912386707,0.4752,0.4293,0.5197,0.0248,-,4116.44,5133.785,8.17,10.39,0.42
p_gain_2pct_max,f_cvd_30s,fwd_max_max,0.02,3776,1474,0.3903601694915254,0.4755,0.4546,0.4938,0.0245,-,-219.72000000000003,-16.53,38.98,41.12,0.958
p_gain_3pct_5m,f_large_trade_pct_60s,fwd_max_5m,0.03,1877,445,0.2370804475226425,0.5237,0.5058,0.5437,0.0237,+,0.0,0.0,23.71,22.44,0.476
p_gain_10pct,f_ask_depth_usd,fwd_max_max,0.1,1655,155,0.09365558912386707,0.4763,0.4256,0.5291,0.0237,-,3800.81,4547.23,8.94,10.65,0.42
p_gain_30pct,f_market_breadth_5m,fwd_max_max,0.3,1877,21,0.011188066062866276,0.5236,0.4496,0.5994,0.0236,+,4.0,4.0,0.81,0.66,0.476
p_gain_2pct_5m,f_utc_hour,fwd_max_5m,0.02,3776,999,0.2645656779661017,0.4765,0.4547,0.4962,0.0235,-,9.0,10.0,24.81,27.06,0.958
p_gain_5pct_max,f_ask_depth_usd,fwd_max_max,0.05,1655,372,0.22477341389728098,0.4766,0.4458,0.5098,0.0234,-,4217.235000000001,4535.5,19.32,25.23,0.42
p_gain_5pct_max,f_cg_trending,fwd_max_max,0.05,1877,408,0.21736814064997337,0.4766,0.4488,0.5021,0.0234,-,0.0,0.0,19.79,23.08,0.476
p_gain_5pct_max,f_market_breadth_5m,fwd_max_max,0.05,1877,408,0.21736814064997337,0.5234,0.4933,0.5541,0.0234,+,4.0,4.0,23.74,21.35,0.476
p_gain_3pct_5m,f_book_imbalance_10,fwd_max_5m,0.03,3371,660,0.19578760011865914,0.5233,0.4966,0.5451,0.0233,+,0.952,0.858,20.57,17.38,0.855
p_gain_2pct_max,f_cg_trending,fwd_max_max,0.02,1877,819,0.43633457645178475,0.4771,0.4556,0.5026,0.0229,-,0.0,0.0,40.89,45.54,0.476
p_gain_1pct_5m,f_spread_bps,fwd_max_5m,0.01,3809,1684,0.4421107902336571,0.4774,0.46,0.4928,0.0226,-,11.4,13.0,43.61,45.77,0.966
p_gain_10pct,f_vwap_300s,fwd_max_max,0.1,1877,174,0.09270111880660628,0.4777,0.4341,0.525,0.0223,-,0.10712233,0.10039163,7.87,11.06,0.476
p_gain_2pct_5m,f_market_breadth_5m,fwd_max_5m,0.02,1877,610,0.32498668087373467,0.4791,0.4502,0.506,0.0209,-,4.0,4.0,30.08,35.41,0.476
p_gain_2pct_max,f_utc_hour,fwd_max_max,0.02,3776,1474,0.3903601694915254,0.4791,0.4579,0.497,0.0209,-,9.0,10.0,36.24,39.0,0.958
p_gain_10pct,f_book_imbalance_10,fwd_max_max,0.1,3371,205,0.0608128151883714,0.5203,0.4813,0.5572,0.0203,+,1.056,0.864,6.26,6.26,0.855
p_gain_1pct_5m,f_large_trade_pct_60s,fwd_max_5m,0.01,1877,920,0.49014384656366544,0.5202,0.5028,0.5373,0.0202,+,0.0,0.0,49.01,47.65,0.476
p_gain_5pct_5m,f_signals_1h,fwd_max_5m,0.05,3776,429,0.11361228813559322,0.5198,0.4898,0.5481,0.0198,+,5.0,5.0,13.19,11.03,0.958
p_gain_2pct_max,f_rank_60s,fwd_max_max,0.02,2941,1182,0.4019041142468548,0.4802,0.4648,0.4996,0.0198,-,1.0,1.0,38.1,41.49,0.746
p_gain_30pct,f_bid_depth_usd,fwd_max_max,0.3,1655,17,0.01027190332326284,0.5197,0.365,0.6895,0.0197,+,7545.72,4995.264999999999,1.2,1.21,0.42
p_gain_2pct_5m,f_ask_depth_usd,fwd_max_5m,0.02,1655,560,0.338368580060423,0.4813,0.4563,0.5091,0.0187,-,4291.9,4612.54,28.74,34.03,0.42
p_gain_30pct,f_secs_since_onset,fwd_max_max,0.3,1877,21,0.011188066062866276,0.5185,0.4206,0.6123,0.0185,+,7.2,5.85,0.64,0.6,0.476
p_gain_3pct_5m,f_bid_depth_usd,fwd_max_5m,0.03,1655,407,0.2459214501510574,0.5182,0.4865,0.5506,0.0182,+,5660.85,4686.6,23.08,19.57,0.42
p_gain_10pct,f_first_signal_today,fwd_max_max,0.1,1877,174,0.09270111880660628,0.5182,0.4927,0.5446,0.0182,+,0.0,0.0,9.27,8.92,0.476
p_gain_30pct,f_utc_hour,fwd_max_max,0.3,3776,22,0.005826271186440678,0.482,0.382,0.6037,0.018,-,7.5,10.0,0.47,0.6,0.958
p_gain_1pct_5m,f_market_breadth_5m,fwd_max_5m,0.01,1877,920,0.49014384656366544,0.4822,0.4543,0.5074,0.0178,-,4.0,4.0,46.18,52.25,0.476
p_gain_2pct_5m,f_large_trade_pct_60s,fwd_max_5m,0.02,1877,610,0.32498668087373467,0.5178,0.499,0.5379,0.0178,+,0.0,0.0,32.5,31.3,0.476
p_gain_1pct_5m,f_ask_depth_trend,fwd_max_5m,0.01,1877,920,0.49014384656366544,0.4824,0.4519,0.5025,0.0176,-,1.0,1.0,51.91,57.11,0.476
p_gain_5pct_max,f_secs_since_onset,fwd_max_max,0.05,1877,408,0.21736814064997337,0.4826,0.4539,0.5143,0.0174,-,4.7,6.4,17.83,20.44,0.476
p_gain_10pct,f_utc_hour,fwd_max_max,0.1,3776,224,0.059322033898305086,0.5174,0.4766,0.5551,0.0174,+,11.0,10.0,6.84,5.37,0.958
p_gain_2pct_max,f_btc_dom_pct,fwd_max_max,0.02,3770,1471,0.39018567639257296,0.5172,0.4964,0.5367,0.0172,+,57.22,57.22,43.43,39.64,0.956
p_gain_5pct_max,f_signals_24h,fwd_max_max,0.05,3776,632,0.1673728813559322,0.4831,0.4547,0.508,0.0169,-,12.0,15.0,16.16,17.05,0.958
p_gain_5pct_max,f_utc_hour,fwd_max_max,0.05,3776,632,0.1673728813559322,0.4833,0.4592,0.5063,0.0167,-,9.0,10.0,17.51,17.41,0.958
p_gain_5pct_5m,f_first_signal_today,fwd_max_5m,0.05,1877,298,0.15876398508257858,0.5157,0.4957,0.5391,0.0157,+,0.0,0.0,15.88,15.39,0.476
p_gain_5pct_5m,f_market_breadth_5m,fwd_max_5m,0.05,1877,298,0.15876398508257858,0.5155,0.4823,0.5493,0.0155,+,4.0,4.0,17.56,15.52,0.476
p_gain_3pct_5m,f_ask_depth_usd,fwd_max_5m,0.03,1655,407,0.2459214501510574,0.4846,0.4577,0.5166,0.0154,-,4171.06,4549.8150000000005,21.01,25.0,0.42
p_gain_2pct_max,f_secs_since_onset,fwd_max_max,0.02,1877,819,0.43633457645178475,0.4846,0.4595,0.51,0.0154,-,5.0,6.5,39.49,42.46,0.476
p_gain_5pct_5m,f_secs_since_onset,fwd_max_5m,0.05,1877,298,0.15876398508257858,0.5153,0.4842,0.5489,0.0153,+,5.75,5.9,13.38,10.71,0.476
p_gain_2pct_5m,f_secs_since_onset,fwd_max_5m,0.02,1877,610,0.32498668087373467,0.5152,0.4867,0.5448,0.0152,+,5.9,5.9,29.3,25.4,0.476
p_gain_5pct_5m,f_ask_depth_usd,fwd_max_5m,0.05,1655,271,0.1637462235649547,0.4848,0.4521,0.5206,0.0152,-,4171.06,4535.5,14.25,16.9,0.42
p_gain_10pct,f_higher_lows_3m,fwd_max_max,0.1,1877,174,0.09270111880660628,0.5145,0.471,0.5496,0.0145,+,1.0,1.0,9.71,8.72,0.476
p_gain_5pct_5m,f_bid_depth_usd,fwd_max_5m,0.05,1655,271,0.1637462235649547,0.5144,0.4765,0.5519,0.0144,+,5688.08,4826.405,15.38,13.29,0.42
p_gain_3pct_5m,f_market_breadth_5m,fwd_max_5m,0.03,1877,445,0.2370804475226425,0.4875,0.4579,0.5164,0.0125,-,4.0,4.0,22.76,25.86,0.476
p_gain_10pct,f_large_trade_pct_60s,fwd_max_max,0.1,1877,174,0.09270111880660628,0.5124,0.4779,0.5449,0.0124,+,0.0,0.0,9.27,9.0,0.476
p_gain_5pct_max,f_first_signal_today,fwd_max_max,0.05,1877,408,0.21736814064997337,0.5123,0.4939,0.5286,0.0123,+,0.0,0.0,21.74,21.26,0.476
p_gain_2pct_max,f_large_trade_pct_60s,fwd_max_max,0.02,1877,819,0.43633457645178475,0.5121,0.4951,0.5289,0.0121,+,0.0,0.0,43.63,42.82,0.476
p_gain_5pct_5m,f_signals_24h,fwd_max_5m,0.05,3776,429,0.11361228813559322,0.488,0.4549,0.5132,0.012,-,14.0,15.0,11.86,12.21,0.958
p_gain_5pct_max,f_vwap_300s,fwd_max_max,0.05,1877,408,0.21736814064997337,0.5118,0.4816,0.5473,0.0118,+,0.10869271,0.09491305,20.0,21.06,0.476
p_gain_2pct_max,f_first_signal_today,fwd_max_max,0.02,1877,819,0.43633457645178475,0.4884,0.4741,0.5021,0.0116,-,0.0,0.0,43.63,44.29,0.476
p_gain_5pct_5m,f_utc_hour,fwd_max_5m,0.05,3776,429,0.11361228813559322,0.5111,0.4833,0.5382,0.0111,+,10.0,10.0,13.3,11.34,0.958
p_gain_2pct_max,f_candle_close_str_1m,fwd_max_max,0.02,1877,819,0.43633457645178475,0.4899,0.4642,0.5175,0.0101,-,0.871,0.89,40.73,43.62,0.476
p_gain_2pct_max,f_book_imbalance_10,fwd_max_max,0.02,3371,1370,0.40640759418570155,0.5099,0.4891,0.528,0.0099,+,0.865,0.866,41.25,38.65,0.855
p_gain_5pct_max,f_bid_depth_usd,fwd_max_max,0.05,1655,372,0.22477341389728098,0.5098,0.4762,0.5411,0.0098,+,5297.74,4882.96,21.88,18.84,0.42
p_gain_2pct_max,f_avg_trade_size_60s,fwd_max_max,0.02,1877,819,0.43633457645178475,0.508,0.4803,0.5327,0.008,+,136.7,142.12,44.47,42.77,0.476
p_gain_1pct_5m,f_book_imbalance_10,fwd_max_5m,0.01,3371,1561,0.46306733906852565,0.5071,0.489,0.5238,0.0071,+,0.852,0.889,44.44,41.25,0.855
p_gain_5pct_max,f_higher_lows_3m,fwd_max_max,0.05,1877,408,0.21736814064997337,0.5071,0.48,0.5344,0.0071,+,1.0,1.0,22.17,21.19,0.476
p_gain_1pct_5m,f_ask_depth_usd,fwd_max_5m,0.01,1655,842,0.508761329305136,0.5065,0.4808,0.532,0.0065,+,4474.11,4395.15,48.55,48.61,0.42
p_gain_2pct_5m,f_book_imbalance_10,fwd_max_5m,0.02,3371,942,0.2794423019875408,0.5063,0.4838,0.5259,0.0063,+,0.8674999999999999,0.865,27.54,26.36,0.855
p_gain_10pct,f_avg_trade_size_60s,fwd_max_max,0.1,1877,174,0.09270111880660628,0.5061,0.4635,0.5482,0.0061,+,142.035,140.77,8.94,9.15,0.476
p_gain_5pct_5m,f_book_imbalance_10,fwd_max_5m,0.05,3371,402,0.11925244734500148,0.5056,0.4749,0.5345,0.0056,+,0.852,0.865,12.17,12.17,0.855
p_gain_5pct_max,f_signals_1h,fwd_max_max,0.05,3776,632,0.1673728813559322,0.5053,0.4826,0.5326,0.0053,+,5.0,5.0,18.09,17.2,0.958
p_gain_1pct_5m,f_first_signal_today,fwd_max_5m,0.01,1877,920,0.49014384656366544,0.4951,0.4795,0.5091,0.0049,-,0.0,0.0,49.01,49.3,0.476
p_gain_10pct,f_secs_since_onset,fwd_max_max,0.1,1877,174,0.09270111880660628,0.4956,0.4571,0.538,0.0044,-,4.800000000000001,6.0,7.86,6.55,0.476
p_gain_2pct_max,f_higher_lows_3m,fwd_max_max,0.02,1877,819,0.43633457645178475,0.4961,0.4724,0.5194,0.0039,-,1.0,1.0,43.29,44.07,0.476
p_gain_2pct_max,f_vwap_300s,fwd_max_max,0.02,1877,819,0.43633457645178475,0.4962,0.4729,0.5247,0.0038,-,0.10130703,0.101010705,40.43,42.34,0.476
p_gain_2pct_5m,f_first_signal_today,fwd_max_5m,0.02,1877,610,0.32498668087373467,0.4964,0.4813,0.5118,0.0036,-,0.0,0.0,32.5,32.68,0.476
p_gain_2pct_max,f_bid_depth_usd,fwd_max_max,0.02,1655,748,0.45196374622356494,0.4974,0.4711,0.5266,0.0026,-,4956.465,5052.47,42.79,42.27,0.42
p_gain_2pct_max,f_market_breadth_5m,fwd_max_max,0.02,1877,819,0.43633457645178475,0.5024,0.4752,0.523,0.0024,+,4.0,4.0,43.9,44.69,0.476
p_gain_2pct_5m,f_bid_depth_usd,fwd_max_5m,0.02,1655,560,0.338368580060423,0.502,0.4763,0.5305,0.002,+,5385.885,4818.71,30.29,30.19,0.42
p_gain_5pct_max,f_book_imbalance_10,fwd_max_max,0.05,3371,596,0.17680213586472857,0.4982,0.4715,0.5213,0.0018,-,0.852,0.869,17.85,17.26,0.855
p_gain_3pct_5m,f_first_signal_today,fwd_max_5m,0.03,1877,445,0.2370804475226425,0.5016,0.4861,0.518,0.0016,+,0.0,0.0,23.71,23.64,0.476
p_gain_3pct_5m,f_utc_hour,fwd_max_5m,0.03,3776,701,0.18564618644067796,0.501,0.4776,0.5246,0.001,+,10.0,10.0,18.91,17.41,0.958
p_gain_1pct_5m,f_btc_ret_1h,fwd_max_5m,0.01,3779,1666,0.44085736967451705,0.5,0.5,0.5,0.0,+,0.0,0.0,44.09,44.09,0.959
p_gain_2pct_5m,f_btc_ret_1h,fwd_max_5m,0.02,3779,999,0.26435564964276265,0.5,0.5,0.5,0.0,+,0.0,0.0,26.44,26.44,0.959
p_gain_3pct_5m,f_btc_ret_1h,fwd_max_5m,0.03,3779,701,0.1854988092087854,0.5,0.5,0.5,0.0,+,0.0,0.0,18.55,18.55,0.959
p_gain_5pct_5m,f_btc_ret_1h,fwd_max_5m,0.05,3779,429,0.1135220957925377,0.5,0.5,0.5,0.0,+,0.0,0.0,11.35,11.35,0.959
p_gain_2pct_max,f_btc_ret_1h,fwd_max_max,0.02,3779,1474,0.39005027785128343,0.5,0.5,0.5,0.0,+,0.0,0.0,39.01,39.01,0.959
p_gain_5pct_max,f_btc_ret_1h,fwd_max_max,0.05,3779,632,0.1672400105848108,0.5,0.5,0.5,0.0,+,0.0,0.0,16.72,16.72,0.959
p_gain_10pct,f_btc_ret_1h,fwd_max_max,0.1,3779,224,0.05927494046043927,0.5,0.5,0.5,0.0,+,0.0,0.0,5.93,5.93,0.959
p_gain_30pct,f_btc_ret_1h,fwd_max_max,0.3,3779,22,0.005821645938078857,0.5,0.5,0.5,0.0,+,0.0,0.0,0.58,0.58,0.959
